{"happiness":0.43299999999999994,"name":"","loveLvl":0,"health":0.43299999999999994}