{"happiness":0.3884999999999999,"name":"","loveLvl":30,"health":0.3884999999999999}